surrgain,ev_tdlam_before,meankl,entropy,optimgain,EpLenMean,TimeElapsed,EpisodesSoFar,entloss,TimestepsSoFar,EpRewMean,EpThisIter
0.028481623,0.6189345121383667,0.0069130473,39.688797,0.028481623,17.6,14.874381065368652,1191,0.0,20527,13.743454124134232,1191
0.03256659,0.922084130346775,0.0067187413,39.673065,0.03256659,16.825,28.72451400756836,2366,0.0,40978,12.921481663122805,1175
0.037083484,0.9550710991024971,0.0070061833,39.55056,0.037083484,17.025,42.631601333618164,3496,0.0,61457,13.400066271493495,1130
0.038804516,0.9659801535308361,0.0068139685,39.480934,0.038804516,19.425,56.48061227798462,4601,0.0,81933,12.632555928104475,1105
0.042980086,0.9758076686412096,0.0073330263,39.397095,0.042980086,18.975,70.37127137184143,5705,0.0,102409,14.004244392641311,1104
0.04067836,0.9763649925589561,0.0073410966,39.229507,0.04067836,19.55,85.13937091827393,6798,0.0,122926,13.73003802091236,1093
0.040844716,0.9789673760533333,0.007480661,39.072002,0.040844716,19.8,99.11745762825012,7881,0.0,143397,14.803591758488613,1083
0.041311037,0.9826243966817856,0.007685867,38.863884,0.041311037,19.3,113.03388977050781,8940,0.0,163863,16.164385768836944,1059
0.04294764,0.9837587680667639,0.007956058,38.67758,0.04294764,20.175,126.99727725982666,9993,0.0,184353,15.884677957936182,1053
0.043338086,0.9835316892713308,0.008193903,38.51988,0.043338086,19.425,140.92919969558716,11049,0.0,204827,16.105297147539215,1056
0.042162903,0.9844532813876867,0.008089988,38.351112,0.042162903,21.225,154.86916375160217,12090,0.0,225367,15.761056111279668,1041
0.039850738,0.9822066929191351,0.008134864,38.17842,0.039850738,19.6,168.8530445098877,13115,0.0,245788,16.789449934130737,1025
0.042282768,0.9882350992411375,0.008407782,37.982613,0.042282768,19.375,183.03554844856262,14123,0.0,266226,17.196827172128245,1008
0.04232315,0.9853016687557101,0.0084681865,37.775917,0.04232315,19.375,197.49198985099792,15149,0.0,286680,17.575090540691058,1026
0.040670775,0.987819922156632,0.008628435,37.549316,0.040670775,21.575,211.51001739501953,16142,0.0,307205,18.183475821741677,993
0.04205975,0.9863935699686408,0.008737293,37.34469,0.04205975,20.725,225.68941068649292,17128,0.0,327682,20.471818180616307,986
0.042820998,0.9866330046206713,0.008778962,37.061882,0.042820998,22.125,241.17656993865967,18094,0.0,348147,19.57614613619975,966
0.042268824,0.9894144665449858,0.008885099,36.75078,0.042268824,21.275,255.0474898815155,19064,0.0,368657,19.718230148482302,970
0.04206865,0.9849397949874401,0.008926942,36.42292,0.04206865,20.625,268.9842209815979,20028,0.0,389119,18.33103145056803,964
0.043077223,0.9876012317836285,0.00900075,36.111427,0.043077223,23.35,282.88669180870056,20965,0.0,409592,18.46141702559419,937
0.042393014,0.9853421524167061,0.009068935,35.71765,0.042393014,21.325,296.8126378059387,21900,0.0,430115,20.715572809639884,935
0.042030204,0.9868210526183248,0.009028961,35.366608,0.042030204,22.5,310.6922309398651,22815,0.0,450647,21.159988823627703,915
0.043399405,0.9868990145623684,0.009216448,34.9659,0.043399405,22.75,324.5533368587494,23702,0.0,471143,21.059940707276418,887
0.04385683,0.9848742568865418,0.009198418,34.560474,0.04385683,23.25,338.47479486465454,24574,0.0,491566,23.413119383686016,872
0.042239744,0.9882258493453264,0.009038399,34.189873,0.042239744,23.575,352.37119007110596,25425,0.0,512083,22.01778830456422,851
0.043117046,0.9891027417033911,0.009085235,33.83622,0.043117046,24.65,366.2547585964203,26257,0.0,532592,20.659766844826,832
0.04378862,0.9855667231604457,0.009343537,33.49492,0.04378862,23.7,380.4935290813446,27093,0.0,552995,24.301548422993594,836
0.043337874,0.9844581382349133,0.009398891,33.155098,0.043337874,24.825,394.4358320236206,27901,0.0,573493,23.562701074220207,808
0.04272806,0.9891077084466815,0.009350757,32.747047,0.04272806,25.575,408.41456937789917,28696,0.0,594011,24.144776076073338,795
0.044905085,0.9877746915444732,0.009352858,32.346935,0.044905085,27.625,422.3583343029022,29468,0.0,614482,23.414868544846094,772
0.04508075,0.9883238468319178,0.009423952,31.969181,0.04508075,24.95,436.23686957359314,30217,0.0,634998,24.17378931684157,749
0.04447225,0.9857550654560328,0.009460663,31.612537,0.04447225,27.65,450.078537940979,30968,0.0,655443,25.287643955270877,751
0.044758126,0.9839646797627211,0.009469038,31.315983,0.044758126,26.925,463.93079137802124,31701,0.0,675930,25.180927766202217,733
0.044162557,0.9860051358118653,0.009436602,31.041687,0.044162557,25.675,477.8129312992096,32423,0.0,696426,25.203912600960198,722
0.045442484,0.9860835168510675,0.009439526,30.73013,0.045442484,29.05,491.69757437705994,33133,0.0,716856,26.031523114954336,710
0.04502747,0.9870014023035765,0.009571613,30.414417,0.04502747,29.3,505.59731125831604,33846,0.0,737355,25.840460777238718,713
0.043587387,0.9854462398216128,0.00945854,30.129147,0.043587387,31.75,519.4304571151733,34528,0.0,757761,27.05009783461407,682
0.043675043,0.9797205254435539,0.00947122,29.899006,0.043675043,28.6,533.2689044475555,35209,0.0,778211,27.87055183814911,681
0.046211235,0.9807515908032656,0.009533453,29.606533,0.046211235,30.35,547.13813996315,35881,0.0,798709,27.30331200918393,672
0.04590626,0.9843124076724052,0.009600495,29.329899,0.04590626,30.0,560.9827935695648,36540,0.0,819164,26.02363687277088,659
0.045394853,0.9752653539180756,0.009584285,29.070827,0.045394853,31.8,574.8379831314087,37198,0.0,839686,27.94081124498423,658
0.044062413,0.9783639814704657,0.009520264,28.806885,0.044062413,31.15,588.6683197021484,37852,0.0,860153,28.392138548920165,654
0.04421884,0.9866858273744583,0.00963242,28.546673,0.04421884,33.775,602.4853394031525,38493,0.0,880591,29.984791888871463,641
0.04350199,0.98142552934587,0.00965629,28.280537,0.04350199,31.6,616.3209595680237,39137,0.0,900980,28.972149133885942,644
0.04440568,0.9788484163582325,0.009629825,28.079258,0.04440568,33.5,630.1711518764496,39772,0.0,921414,30.57498036921545,635
0.04438951,0.9827365204691887,0.009633669,27.84888,0.04438951,34.025,643.9877707958221,40399,0.0,941882,33.45519122151158,627
0.04639689,0.9745435547083616,0.009727282,27.664188,0.04639689,31.15,657.792222738266,41032,0.0,962328,28.898381834693602,633
0.043404967,0.9836797043681145,0.009698642,27.431717,0.043404967,31.05,671.5947694778442,41668,0.0,982894,30.617897347611404,636
0.044924233,0.9852321334183216,0.00965969,27.230778,0.044924233,34.4,686.0891418457031,42287,0.0,1003379,32.05868629450352,619
0.04414112,0.9798287488520145,0.0096883355,26.990143,0.04414112,31.925,700.2925703525543,42903,0.0,1023835,30.717575420689002,616
0.04257009,0.9809603150933981,0.009643224,26.76318,0.04257009,32.225,714.0354499816895,43526,0.0,1044377,31.47790630739662,623
0.044232767,0.9755725655704737,0.009805274,26.576584,0.044232767,33.225,727.769905090332,44141,0.0,1064813,34.5746076446889,615
0.043840066,0.9755718726664782,0.009658596,26.37032,0.043840066,32.625,741.5437703132629,44769,0.0,1085332,37.827028776115604,628
0.043412,0.9777623750269413,0.009667316,26.197556,0.043412,34.925,755.2750585079193,45384,0.0,1105820,35.95031266441102,615
0.044072084,0.9761370569467545,0.009763503,26.009647,0.044072084,32.425,769.0110363960266,45997,0.0,1126316,33.41388112320631,613
0.044228237,0.9789125584065914,0.009778398,25.80167,0.044228237,32.175,782.7302861213684,46603,0.0,1146779,34.248918604012346,606
0.04172414,0.9809693600982428,0.009821656,25.59576,0.04172414,36.6,796.4663095474243,47201,0.0,1167212,38.46316554860165,598
0.04172834,0.9762837644666433,0.009801795,25.402096,0.04172834,32.8,810.2165727615356,47806,0.0,1187658,37.65019136969,605
0.04561595,0.9778832346200943,0.009813349,25.229717,0.04561595,33.975,824.0009429454803,48410,0.0,1208198,36.26176067786319,604
0.043334626,0.9749536737799644,0.00971483,25.065144,0.043334626,34.1,837.7410604953766,49012,0.0,1228681,39.63239637681377,602
0.043326866,0.9780023526400328,0.009810438,24.914005,0.043326866,34.325,851.4877564907074,49609,0.0,1249128,40.014113350852696,597
0.041430958,0.9632393829524517,0.009908554,24.739548,0.041430958,35.425,865.2134907245636,50202,0.0,1269579,39.295268409288234,593
0.04372265,0.9563465751707554,0.009801978,24.580746,0.04372265,34.825,878.9065022468567,50791,0.0,1290090,40.80307321904432,589
0.042920373,0.969202196225524,0.0097838845,24.427612,0.042920373,36.375,892.6451065540314,51378,0.0,1310568,43.135262295388785,587
0.043824784,0.9707694966346025,0.009741736,24.299034,0.043824784,35.125,906.3519616127014,51965,0.0,1330999,42.478702211074015,587
0.04330606,0.9678272567689419,0.009818716,24.14299,0.04330606,35.625,920.0721952915192,52547,0.0,1351427,42.58611736199013,582
0.04324088,0.9640286900103092,0.009891542,23.999554,0.04324088,35.25,933.752524137497,53133,0.0,1371942,41.39475719806992,586
0.043389525,0.9636540040373802,0.009840759,23.833698,0.043389525,35.85,947.4745178222656,53707,0.0,1392438,41.28871245430513,574
0.04302033,0.9693972859531641,0.009761712,23.689053,0.04302033,34.375,961.2167718410492,54279,0.0,1412920,43.87433833126683,572
0.04292702,0.936640590429306,0.009817528,23.556683,0.04292702,36.375,974.952437877655,54843,0.0,1433320,45.798385917562584,564
0.04223579,0.9620979651808739,0.009835849,23.39898,0.04223579,38.525,988.6669940948486,55405,0.0,1453829,47.46399364962166,562
0.042627268,0.9500315338373184,0.009832469,23.262901,0.042627268,35.875,1002.426789522171,55958,0.0,1474307,48.40655959077643,553
0.041894972,0.9580470807850361,0.009904461,23.11282,0.041894972,37.775,1016.1250731945038,56503,0.0,1494798,46.31369086468483,545
0.042301122,0.9464257322251797,0.009794391,22.97268,0.042301122,35.225,1029.8520891666412,57047,0.0,1515202,47.480472113610766,544
0.041471083,0.94998774304986,0.009884274,22.837254,0.041471083,38.4,1043.578945159912,57579,0.0,1535676,50.086442496687276,532
0.04227195,0.9372626692056656,0.009840252,22.7299,0.04227195,37.925,1057.2987706661224,58112,0.0,1556172,50.10498562283881,533
0.04142738,0.9355582147836685,0.009840228,22.612705,0.04142738,39.0,1071.0173740386963,58634,0.0,1576602,53.917768240491135,522
0.041918408,0.9400593116879463,0.009842413,22.522572,0.041918408,41.15,1084.6935620307922,59155,0.0,1597146,55.79503704394931,521
0.04232456,0.9380767494440079,0.009858206,22.415787,0.04232456,39.6,1098.3798508644104,59679,0.0,1617548,51.40312293540224,524
0.042736705,0.9275172501802444,0.009878704,22.31577,0.042736705,40.025,1112.0714864730835,60192,0.0,1638087,57.73818322456589,513
0.041967034,0.9449239075183868,0.009811111,22.22501,0.041967034,39.3,1125.787509918213,60713,0.0,1658558,54.31140860657881,521
0.04084884,0.9397373199462891,0.009870968,22.128475,0.04084884,41.8,1139.4543852806091,61223,0.0,1678982,55.58040140787838,510
0.042473964,0.934775322675705,0.009839152,22.019924,0.042473964,39.4,1153.1334948539734,61730,0.0,1699411,55.21125962418205,507
0.04243982,0.949564453214407,0.009793388,21.917625,0.04243982,39.4,1166.8449869155884,62228,0.0,1719983,54.80589140053037,498
0.040662684,0.8983901515603065,0.00985456,21.811424,0.040662684,42.675,1180.498336315155,62708,0.0,1740382,58.84692803948686,480
0.040516853,0.918704204261303,0.009814069,21.7403,0.040516853,42.775,1194.2853043079376,63193,0.0,1760901,59.3728536682083,485
0.04124153,0.8898581713438034,0.009811169,21.682064,0.04124153,46.2,1208.00834774971,63667,0.0,1781330,64.3786349042906,474
0.04260877,0.9208832606673241,0.009846109,21.609325,0.04260877,41.375,1221.7288990020752,64148,0.0,1801848,61.710915325567,481
0.04130519,0.8982629179954529,0.009842733,21.535961,0.04130519,46.7,1235.445214509964,64623,0.0,1822337,68.13890942771624,475
0.0418139,0.868183970451355,0.009801414,21.446423,0.0418139,49.175,1249.1810457706451,65081,0.0,1842839,69.23508693580115,458
0.040124048,0.912669412791729,0.009871843,21.378536,0.040124048,42.175,1263.2958934307098,65546,0.0,1863168,65.25867537048286,465
0.042464435,0.9055368825793266,0.009820292,21.299294,0.042464435,43.775,1277.0722510814667,66008,0.0,1883561,63.907181609541134,462
0.040168326,0.8793448060750961,0.009856103,21.20959,0.040168326,42.525,1290.8467545509338,66456,0.0,1904000,63.64567573409821,448
0.041709773,0.8771441653370857,0.009844156,21.154446,0.041709773,41.65,1304.6491446495056,66906,0.0,1924554,64.62650621891164,450
0.041161556,0.8948773816227913,0.00986086,21.07957,0.041161556,47.25,1318.3928580284119,67337,0.0,1944950,71.40702022932946,431
0.04123339,0.9113552570343018,0.009946902,21.010117,0.04123339,43.4,1332.0861458778381,67776,0.0,1965453,66.75555590130202,439
0.040150225,0.8893372640013695,0.009864995,20.935299,0.040150225,50.05,1346.0843081474304,68218,0.0,1985951,79.38275723169046,442
0.040904894,0.8889606222510338,0.009974308,20.870232,0.040904894,46.3,1360.1736176013947,68644,0.0,2006358,75.32787383862069,426
0.04154756,0.901304341852665,0.009822981,20.792805,0.04154756,45.9,1374.4458210468292,69077,0.0,2026799,72.13445765818878,433
0.04031628,0.8695921897888184,0.009919541,20.72602,0.04031628,47.325,1389.2677209377289,69510,0.0,2047151,71.83242362781154,433
0.041512795,0.8770659789443016,0.009867844,20.641834,0.041512795,51.9,1403.7010719776154,69933,0.0,2067699,81.01350975680216,423
0.041080613,0.8554515838623047,0.009907675,20.59457,0.041080613,45.7,1417.7576637268066,70358,0.0,2088144,72.75324077535697,425
0.04095391,0.8847781345248222,0.009836478,20.500664,0.04095391,51.95,1431.7820284366608,70761,0.0,2108651,80.66064159198638,403
0.04029095,0.8049637228250504,0.0098967645,20.45837,0.04029095,47.95,1445.6356391906738,71180,0.0,2129168,74.48479420507384,419
0.04114775,0.905941054224968,0.009814911,20.403782,0.04114775,49.025,1460.3123455047607,71598,0.0,2149588,72.47834470042558,418
0.039957482,0.8342797756195068,0.00994872,20.334518,0.039957482,52.525,1474.1606187820435,71998,0.0,2169956,84.36976272735603,400
0.041725125,0.8767491206526756,0.009912093,20.30809,0.041725125,47.675,1488.0352799892426,72410,0.0,2190328,78.36708026307426,412
0.04032911,0.8788148835301399,0.009880265,20.245602,0.04032911,47.325,1502.8765354156494,72813,0.0,2210974,76.13009567826842,403
0.040874958,0.8322890102863312,0.009895548,20.173843,0.040874958,49.425,1516.9227001667023,73218,0.0,2231399,81.35277745146463,405
0.040820904,0.8088535964488983,0.009880963,20.11301,0.040820904,50.475,1530.7671172618866,73618,0.0,2251933,80.98917545537934,400
0.039899003,0.8431723415851593,0.009902731,20.035076,0.039899003,52.6,1547.6389882564545,74021,0.0,2272422,89.51967126787429,403
0.04109806,0.8202171623706818,0.00988315,19.984222,0.04109806,50.075,1565.583716392517,74422,0.0,2293014,83.40527431767076,401
0.0390131,0.829253613948822,0.009909994,19.923664,0.0390131,49.925,1583.4247641563416,74811,0.0,2313440,85.6134056895144,389
0.040431395,0.8299145400524139,0.009924455,19.86904,0.040431395,50.8,1601.5219359397888,75195,0.0,2334126,84.0639802012192,384
0.04058798,0.7989760190248489,0.009919996,19.815239,0.04058798,49.45,1619.7481956481934,75576,0.0,2354470,85.66998292202959,381
0.041650124,0.7955473065376282,0.00988699,19.767536,0.041650124,50.5,1637.7293055057526,75960,0.0,2374911,87.22132455335677,384
0.040774208,0.8488574773073196,0.009940563,19.743793,0.040774208,56.8,1655.692654132843,76335,0.0,2395316,92.04873119398631,375
0.041526776,0.8115112036466599,0.009892955,19.693405,0.041526776,58.975,1673.7806968688965,76708,0.0,2415668,100.35705591606862,373
0.040837627,0.8785286918282509,0.009908564,19.61333,0.040837627,52.65,1691.795688867569,77085,0.0,2436153,90.09036564041632,377
0.03981068,0.7665914446115494,0.009933996,19.555355,0.03981068,57.8,1709.7405104637146,77453,0.0,2456648,94.56828953260495,368
0.04015017,0.8049025684595108,0.009889942,19.521893,0.04015017,60.05,1727.4831285476685,77810,0.0,2477297,99.91671034611724,357
0.039952,0.7991594672203064,0.009909851,19.447983,0.039952,49.8,1745.249968290329,78187,0.0,2497795,87.76987021101793,377
0.03945275,0.849902555346489,0.009938739,19.394356,0.03945275,55.25,1763.2104058265686,78550,0.0,2518226,95.2242714805589,363
0.03954989,0.8524342328310013,0.009912422,19.33886,0.03954989,59.5,1781.1017303466797,78916,0.0,2538507,101.77658898765173,366
0.03876635,0.7883126884698868,0.009928473,19.302105,0.03876635,60.525,1799.0319821834564,79269,0.0,2559012,107.0836957028404,353
0.03994351,0.8219017833471298,0.009870813,19.24758,0.03994351,62.875,1816.8882257938385,79625,0.0,2579573,107.20068908156573,356
0.039368637,0.7994662523269653,0.00995136,19.21235,0.039368637,52.425,1834.730223417282,79975,0.0,2599965,93.8625067782561,350
0.04020974,0.7778085321187973,0.009930854,19.180014,0.04020974,58.15,1852.5885894298553,80325,0.0,2620451,100.90699022256766,350
0.03990566,0.8309034705162048,0.009963354,19.120766,0.03990566,57.1,1870.4352231025696,80675,0.0,2640910,100.73616113836803,350
0.04035754,0.8318579792976379,0.009874749,19.102581,0.04035754,65.85,1888.2348535060883,81018,0.0,2661552,117.83105909090769,343
0.039722253,0.813974916934967,0.009870181,19.05952,0.039722253,61.375,1906.1185641288757,81363,0.0,2681987,106.3376240497173,345
0.04054653,0.7894438803195953,0.009948863,19.00895,0.04054653,58.25,1923.900547027588,81710,0.0,2702356,100.4522815791216,347
0.04075674,0.8250595480203629,0.00990461,18.96904,0.04075674,65.975,1941.7905972003937,82053,0.0,2722718,117.93746948831135,343
0.039512247,0.7481206357479095,0.009872833,18.947758,0.039512247,64.35,1959.5976402759552,82394,0.0,2743157,115.64440929005437,341
0.039544262,0.8387870341539383,0.009967071,18.933212,0.039544262,60.75,1977.4749948978424,82729,0.0,2763672,107.48154655014764,335
0.039462775,0.8445046693086624,0.009970945,18.925419,0.039462775,61.325,1995.442678451538,83069,0.0,2784126,109.62444279725253,340
0.039524876,0.7921821922063828,0.009894693,18.90427,0.039524876,59.8,2013.2173781394958,83405,0.0,2804490,107.31057312274409,336
0.040192693,0.8351365178823471,0.009855595,18.877495,0.040192693,60.3,2031.1935312747955,83742,0.0,2824950,107.70844896956154,337
0.04096511,0.7768038660287857,0.0100048985,18.848507,0.04096511,60.3,2049.0564136505127,84074,0.0,2845207,110.0272136374092,332
0.03959601,0.7639931887388229,0.009912752,18.81904,0.03959601,61.375,2066.976508140564,84408,0.0,2865780,110.62040942318477,334
0.039706074,0.8165011256933212,0.009871924,18.799011,0.039706074,62.8,2084.8018777370453,84722,0.0,2886230,113.85976652687148,314
0.0398492,0.7858876585960388,0.009921964,18.756283,0.0398492,63.5,2102.8468158245087,85044,0.0,2906806,115.71929847571587,322
0.03956551,0.8417799770832062,0.009799719,18.708355,0.03956551,66.35,2120.845622777939,85372,0.0,2927275,119.88324932839501,328
0.040525503,0.8352998495101929,0.009884737,18.670605,0.040525503,64.525,2138.8471693992615,85688,0.0,2947648,115.24100861211718,316
0.039480012,0.8123320490121841,0.009969803,18.652554,0.039480012,67.825,2157.072559595108,86008,0.0,2968302,124.78062125437741,320
0.038764846,0.7473779022693634,0.00991503,18.610287,0.038764846,58.45,2176.314820289612,86320,0.0,2988582,106.21225932099978,312
0.038628973,0.7828769981861115,0.009896492,18.56847,0.038628973,65.45,2194.152042388916,86630,0.0,3009226,122.74040278421653,310
0.03867024,0.7725250869989395,0.009899947,18.532658,0.03867024,66.325,2212.1907074451447,86937,0.0,3029618,118.33050533552857,307
0.039191872,0.8086839765310287,0.009887436,18.50961,0.039191872,67.25,2230.0781865119934,87251,0.0,3050178,124.57534950936433,314
0.037920076,0.8212495744228363,0.009923926,18.493694,0.037920076,61.275,2247.8632938861847,87567,0.0,3070538,110.88923772529469,316
0.039662592,0.8191169500350952,0.009934321,18.462864,0.039662592,65.8,2265.745349884033,87877,0.0,3090840,128.63034289355514,310
0.038473293,0.7877926081418991,0.0098568555,18.428473,0.038473293,73.625,2283.748740196228,88189,0.0,3111385,138.62943864946322,312
0.03979294,0.7657906860113144,0.010018386,18.41238,0.03979294,67.275,2301.736462831497,88507,0.0,3131928,127.91026082299035,318
0.040018156,0.8312753140926361,0.009974876,18.391735,0.040018156,59.475,2319.7032725811005,88801,0.0,3152198,106.98590716799723,294
0.039525293,0.7799471020698547,0.009858937,18.367596,0.039525293,70.5,2337.5535633563995,89099,0.0,3172591,134.3173198982318,298
0.03758898,0.7478102147579193,0.009929502,18.335644,0.03758898,67.725,2356.812386035919,89400,0.0,3193286,124.00797538445234,301
0.038506027,0.7627589553594589,0.009871809,18.311481,0.038506027,67.825,2375.303487062454,89689,0.0,3213665,124.4902641103007,289
0.038345642,0.685379296541214,0.009888715,18.27636,0.038345642,73.475,2393.1988434791565,89989,0.0,3234054,136.3561031452495,300
0.03888937,0.8301634043455124,0.009920688,18.271584,0.03888937,63.525,2411.1401648521423,90284,0.0,3254771,120.524047948998,295
0.039097976,0.7785383611917496,0.009916356,18.21903,0.039097976,76.8,2429.1232645511627,90563,0.0,3275302,144.8071608768759,279
0.03913207,0.8006066530942917,0.009917604,18.201134,0.03913207,72.575,2447.0070123672485,90853,0.0,3295895,140.01518630634163,290
0.03999099,0.7408015727996826,0.009854659,18.170204,0.03999099,73.25,2465.4974484443665,91134,0.0,3316217,138.4736213037679,281
0.03947742,0.7962521016597748,0.0099311825,18.149242,0.03947742,68.775,2483.2686648368835,91419,0.0,3336851,128.1676609691304,285
0.03882155,0.7628688365221024,0.009886001,18.129128,0.03882155,73.475,2501.1643114089966,91709,0.0,3357315,136.96803821556279,290
0.03971861,0.7641932666301727,0.009893404,18.101257,0.03971861,77.125,2519.0201482772827,91998,0.0,3377873,144.1198809180092,289
0.038831558,0.837316706776619,0.009936227,18.07032,0.038831558,76.3,2536.868379831314,92282,0.0,3398585,147.99606299123357,284
0.03936384,0.825705960392952,0.009917604,18.03489,0.03936384,70.975,2554.924742937088,92565,0.0,3418888,133.2147826307027,283
0.03910557,0.7963964343070984,0.010103442,18.000168,0.03910557,72.625,2572.851471185684,92850,0.0,3439272,137.8644968233611,285
0.03891448,0.6659541428089142,0.009972126,17.979954,0.03891448,83.375,2590.7709715366364,93114,0.0,3459830,156.35965710334747,264
0.038355745,0.7441818416118622,0.009909581,17.97724,0.038355745,78.025,2608.653254508972,93384,0.0,3480389,143.94274666249893,270
0.03945163,0.7318867146968842,0.01000681,17.963562,0.03945163,78.825,2626.4819276332855,93650,0.0,3500889,148.29511572542873,266
0.039652344,0.7854302078485489,0.009949185,17.923523,0.039652344,78.225,2644.236564874649,93920,0.0,3521464,140.85019892440954,270
0.03929227,0.7948146015405655,0.009971838,17.913933,0.03929227,75.325,2662.085787296295,94199,0.0,3541861,143.791660507828,279
0.039918922,0.7205939292907715,0.009928246,17.884693,0.039918922,83.0,2679.9774940013885,94444,0.0,3562210,155.38083801269727,245
0.039036732,0.7726601362228394,0.009992307,17.851143,0.039036732,69.2,2697.8857972621918,94721,0.0,3582790,131.40425187477754,277
0.038592093,0.7242904603481293,0.009920036,17.831509,0.038592093,77.25,2715.6770453453064,94988,0.0,3603053,142.62237870877476,267
0.040187918,0.7096002101898193,0.009960157,17.800892,0.040187918,69.425,2733.4174304008484,95250,0.0,3623337,131.4917121471696,262
0.03778215,0.7479901611804962,0.009968031,17.778824,0.03778215,71.375,2751.4606108665466,95529,0.0,3643915,133.00685544370916,279
0.03924053,0.7345517873764038,0.009943321,17.769775,0.03924053,79.325,2769.3872141838074,95789,0.0,3664248,154.13146859038443,260
0.040414203,0.7489758133888245,0.009934405,17.742409,0.040414203,73.9,2787.391928434372,96061,0.0,3684625,135.8813061853238,272
0.03877137,0.7070755958557129,0.010021595,17.743893,0.03877137,81.625,2805.198914051056,96325,0.0,3704987,158.45469387344312,264
0.038084686,0.7544979602098465,0.009925966,17.709713,0.038084686,77.35,2823.0373780727386,96588,0.0,3725442,146.0312294264939,263
0.038730193,0.752451166510582,0.009904124,17.68879,0.038730193,82.2,2840.9293389320374,96850,0.0,3745948,157.04629165631698,262
0.03904244,0.6108796894550323,0.010025516,17.6666,0.03904244,74.6,2858.7905468940735,97110,0.0,3766508,141.1435805693544,260
0.038641863,0.7665523737668991,0.009944869,17.627445,0.038641863,77.325,2876.7339465618134,97377,0.0,3787029,147.19729641432372,267
0.03789596,0.7817400395870209,0.009928893,17.601187,0.03789596,75.8,2894.7492208480835,97631,0.0,3807508,148.9032676769486,254
0.038701333,0.7514791637659073,0.009903191,17.580067,0.038701333,75.525,2912.5501792430878,97889,0.0,3827900,149.96916453314284,258
0.038515367,0.787932500243187,0.009895066,17.55332,0.038515367,81.075,2930.46604180336,98141,0.0,3848430,159.09844315231598,252
0.040064912,0.7283342182636261,0.009959194,17.540585,0.040064912,76.325,2948.472241640091,98403,0.0,3868928,148.2049400850154,262
0.038105566,0.7166270315647125,0.010015787,17.52889,0.038105566,76.65,2966.3525805473328,98660,0.0,3889394,147.5970987287431,257
0.038837634,0.7430345714092255,0.009999638,17.51101,0.038837634,83.55,2984.193953514099,98908,0.0,3910152,162.3827453585423,248
0.038407665,0.7288585305213928,0.009873132,17.510193,0.038407665,91.4,3002.0587198734283,99150,0.0,3930783,177.7093723572957,242
0.03859215,0.7161837518215179,0.009937504,17.481956,0.03859215,90.075,3019.9243733882904,99399,0.0,3951354,175.31883937204438,249
0.038079653,0.7086683213710785,0.009925873,17.470428,0.038079653,87.7,3037.878906726837,99643,0.0,3972060,170.29454008833144,244
0.039506543,0.7226509749889374,0.009947609,17.436241,0.039506543,93.125,3055.7676424980164,99892,0.0,3992626,174.53724512356698,249
0.03895361,0.7960375100374222,0.009941498,17.42448,0.03895361,89.7,3073.672351360321,100147,0.0,4013255,171.1843530117437,255
0.038014743,0.7720670253038406,0.009932991,17.412323,0.038014743,93.575,3091.582323074341,100386,0.0,4033953,178.7501066644606,239
0.04018814,0.7192347049713135,0.009948538,17.38091,0.04018814,86.525,3109.4575700759888,100630,0.0,4054376,169.2440562713255,244
0.038413603,0.7722944170236588,0.009932088,17.337376,0.038413603,80.15,3127.309812784195,100881,0.0,4075027,150.9058541056862,251
0.039282262,0.7672667652368546,0.009986897,17.306158,0.039282262,97.7,3145.192434310913,101117,0.0,4095277,187.0164313047619,236
0.03775431,0.7327506244182587,0.009942105,17.27008,0.03775431,78.9,3163.255138874054,101352,0.0,4115761,151.09443363627756,235
0.038663857,0.764647826552391,0.009924383,17.254066,0.038663857,87.3,3181.106756210327,101594,0.0,4135979,168.23207606364954,242
0.039154094,0.7434899210929871,0.009982604,17.238369,0.039154094,96.75,3198.9917211532593,101830,0.0,4156738,184.65722770004248,236
0.03779953,0.7709015160799026,0.0099294605,17.219624,0.03779953,86.85,3216.988488674164,102069,0.0,4177279,164.21014310502287,239
0.0391717,0.7508752346038818,0.009979257,17.203331,0.0391717,86.35,3234.984123945236,102305,0.0,4197882,164.24335590521636,236
0.03979463,0.6899886727333069,0.009940852,17.175396,0.03979463,88.45,3252.8032891750336,102548,0.0,4218411,165.77564450956643,243
0.03838155,0.7633010745048523,0.009907298,17.15812,0.03838155,88.3,3270.629435300827,102780,0.0,4238839,172.11026120737029,232
0.039046604,0.768519401550293,0.009991892,17.126076,0.039046604,77.45,3288.5143485069275,103014,0.0,4259410,144.23245561018595,234
0.038562663,0.6714754104614258,0.009893422,17.12087,0.038562663,95.075,3306.4974281787872,103245,0.0,4279435,184.07717698176546,231
0.037100326,0.7055556774139404,0.009920321,17.100475,0.037100326,87.825,3324.393739461899,103487,0.0,4300142,167.0193307756593,242
0.037500493,0.6951324343681335,0.009987381,17.054455,0.037500493,91.125,3342.3750138282776,103713,0.0,4320660,181.64093253356876,226
0.03879094,0.6930878758430481,0.00999775,17.038464,0.03879094,85.4,3360.3584468364716,103929,0.0,4340930,165.63018695922204,216
0.039069433,0.7244223356246948,0.009980731,17.030617,0.039069433,91.35,3378.2724719047546,104159,0.0,4361473,178.21802935593735,230
0.038049836,0.748468667268753,0.009962255,17.014153,0.038049836,93.0,3396.136575460434,104388,0.0,4381876,178.68238443894666,229
0.03822875,0.6505271792411804,0.009984534,17.01649,0.03822875,80.85,3414.10360956192,104618,0.0,4402414,158.31877127576323,230
0.038311005,0.7686970829963684,0.009925808,16.993061,0.038311005,92.675,3432.1315281391144,104838,0.0,4422721,183.45365305996415,220
0.038401086,0.7126028835773468,0.009894183,16.988071,0.038401086,104.8,3449.969390630722,105058,0.0,4443364,205.2995327922211,220
0.038780324,0.6581897735595703,0.009918725,16.967587,0.038780324,88.075,3467.8843500614166,105280,0.0,4463858,172.33003216844946,222
0.03896574,0.7578813284635544,0.009924507,16.950111,0.03896574,86.0,3485.773775100708,105510,0.0,4484435,164.747704002763,230
0.038651742,0.7116596102714539,0.009977302,16.913673,0.038651742,87.225,3503.545259952545,105736,0.0,4505414,171.12371637751585,226
0.03783779,0.6989006996154785,0.009991355,16.90609,0.03783779,87.875,3521.344395875931,105960,0.0,4526060,168.39230993107213,224
0.03896659,0.7709141969680786,0.010000275,16.87741,0.03896659,97.925,3539.238731622696,106175,0.0,4546795,183.12263080398674,215
0.037712146,0.7611703723669052,0.009960862,16.857872,0.037712146,98.45,3557.0919091701508,106394,0.0,4567177,193.99014461333587,219
0.039582808,0.7331871688365936,0.009908804,16.825432,0.039582808,103.725,3574.9167172908783,106594,0.0,4587126,202.0417288637758,200
0.03816867,0.7329291105270386,0.009942753,16.811071,0.03816867,94.5,3592.870110273361,106813,0.0,4607308,185.05627881602229,219
0.037089568,0.7385092079639435,0.009969506,16.775776,0.037089568,98.575,3610.7656514644623,107020,0.0,4627728,194.71459501533172,207
0.039305694,0.7744436413049698,0.009984123,16.749786,0.039305694,86.025,3628.700299501419,107249,0.0,4648332,161.18257067522578,229
0.039089624,0.6946212947368622,0.009910442,16.731028,0.039089624,97.775,3646.5131211280823,107465,0.0,4668958,186.7020732675547,216
0.03856264,0.7097792625427246,0.009942824,16.732979,0.03856264,100.4,3664.3141436576843,107686,0.0,4689343,193.26327635110806,221
0.038934994,0.7495470643043518,0.009915383,16.701466,0.038934994,97.425,3682.082569360733,107903,0.0,4710144,185.332750082961,217
0.037443746,0.6639384627342224,0.009958589,16.665562,0.037443746,111.175,3699.9610562324524,108102,0.0,4730771,216.13663583224312,199
0.040360782,0.6740743219852448,0.01005066,16.6482,0.040360782,98.375,3717.8957912921906,108309,0.0,4751182,188.41338624038184,207
0.038746554,0.7350758910179138,0.01002461,16.635609,0.038746554,102.25,3735.9096858501434,108521,0.0,4771590,202.4067395214173,212
0.037626036,0.7417607307434082,0.009933062,16.61465,0.037626036,100.6,3753.9445543289185,108735,0.0,4792214,196.07639477552112,214
0.03806299,0.7529542297124863,0.009941627,16.589218,0.03806299,109.025,3771.8421609401703,108935,0.0,4812670,210.07736962729487,200
0.036967374,0.7108949720859528,0.0099235205,16.565487,0.036967374,105.95,3789.757566213608,109142,0.0,4833222,209.10332132752518,207
0.037293024,0.7421778738498688,0.009986132,16.55526,0.037293024,108.375,3807.649485349655,109329,0.0,4853563,207.33838234837268,187
0.038297668,0.7361699342727661,0.009949935,16.545837,0.038297668,97.275,3825.5888254642487,109532,0.0,4873797,185.55673667750165,203
0.039235275,0.7131935656070709,0.00995519,16.537333,0.039235275,102.0,3843.488616466522,109732,0.0,4894220,193.27698668794991,200
0.0382193,0.7587338835000992,0.009919746,16.520397,0.0382193,92.45,3861.2832939624786,109927,0.0,4914926,180.25110092559112,195
0.038176656,0.7202131450176239,0.009958485,16.50972,0.038176656,107.375,3879.178226709366,110131,0.0,4935468,212.47815646735899,204
0.03890671,0.716111570596695,0.010003361,16.498768,0.03890671,95.825,3897.109228849411,110327,0.0,4955418,180.3897347701066,196
0.038391452,0.7040848135948181,0.009980725,16.489586,0.038391452,96.875,3914.9388258457184,110528,0.0,4976113,186.59224793194502,201
0.03645994,0.627814382314682,0.009983216,16.484798,0.03645994,101.025,3932.868753671646,110724,0.0,4997173,189.3850472007501,196
0.038348537,0.7343354821205139,0.010048961,16.47652,0.038348537,97.6,3950.713555574417,110917,0.0,5017330,186.9564954696666,193
0.038196247,0.7389696836471558,0.009933995,16.45668,0.038196247,111.05,3968.592349767685,111100,0.0,5037700,218.62011622009422,183
0.03820648,0.7467787861824036,0.0099444855,16.449001,0.03820648,101.625,3986.5080308914185,111300,0.0,5057655,193.49358488690186,200
0.038244218,0.7161127924919128,0.0099745635,16.433228,0.038244218,101.8,4004.285846233368,111504,0.0,5078078,192.70627335378373,204
0.037282728,0.6423302888870239,0.010043612,16.42516,0.037282728,94.525,4022.1922059059143,111698,0.0,5098578,183.66620947371968,194
0.037962984,0.7513987720012665,0.010017173,16.41109,0.037962984,110.875,4040.0899312496185,111889,0.0,5119300,213.99808950070724,191
0.03791696,0.6983153223991394,0.009947878,16.407581,0.03791696,106.675,4057.9202678203583,112063,0.0,5139443,207.1602324225465,174
0.037580006,0.7708596140146255,0.010000477,16.385227,0.037580006,105.15,4075.8981375694275,112266,0.0,5159887,200.9927854221198,203
0.03773579,0.7394071519374847,0.009973304,16.378902,0.03773579,101.075,4093.7064287662506,112462,0.0,5180375,192.10439928981444,196
0.038236685,0.6999223232269287,0.0100207385,16.381495,0.038236685,100.425,4111.719888925552,112667,0.0,5200636,191.58866496116462,205
0.03804803,0.6807651221752167,0.009976338,16.361225,0.03804803,106.95,4129.480916023254,112849,0.0,5220220,206.45268445956964,182
0.036851306,0.6457195580005646,0.009962706,16.334183,0.036851306,93.8,4147.239202976227,113043,0.0,5241199,183.34932083763098,194
0.0367334,0.6962776184082031,0.0099979695,16.309162,0.0367334,113.675,4165.1224710941315,113235,0.0,5262061,219.03947517742944,192
0.03851514,0.7383490800857544,0.009937403,16.29072,0.03851514,94.3,4183.084401130676,113432,0.0,5282494,175.11821032218523,197
0.038435556,0.7561492621898651,0.009918898,16.269012,0.038435556,116.375,4200.990402936935,113617,0.0,5303011,221.69031919784348,185
0.03795241,0.6267426013946533,0.010019222,16.267479,0.03795241,111.875,4218.853642702103,113813,0.0,5323658,215.01075298152847,196
0.03786315,0.7225433588027954,0.009999508,16.259043,0.03786315,102.825,4236.765868186951,113994,0.0,5343662,197.6828600796253,181
0.037807632,0.6974457800388336,0.010017322,16.242062,0.037807632,115.9,4254.781108379364,114184,0.0,5364351,225.14220345310446,190
0.03836307,0.7091498970985413,0.009985253,16.223354,0.03836307,108.7,4272.667286634445,114371,0.0,5384863,213.03652477063602,187
0.039079987,0.6743171811103821,0.009960713,16.18776,0.039079987,97.0,4290.753886461258,114564,0.0,5405452,186.29742312407274,193
0.038869854,0.7723087966442108,0.009991747,16.171242,0.038869854,98.35,4308.655290365219,114757,0.0,5425988,185.0982076526296,193
0.037171204,0.709730714559555,0.009970138,16.164196,0.037171204,113.825,4326.544454574585,114945,0.0,5446462,214.82684852882593,188
0.03764529,0.7052622139453888,0.009966621,16.15467,0.03764529,115.275,4344.386282205582,115134,0.0,5467151,219.27520170614238,189
0.037768427,0.7452490925788879,0.009941565,16.148834,0.037768427,115.05,4362.31968331337,115313,0.0,5488052,221.40071555194362,179
0.038319062,0.696921706199646,0.009981744,16.142551,0.038319062,143.7,4380.142011642456,115481,0.0,5508939,272.414068350269,168
0.037121236,0.7194154858589172,0.0099872025,16.11628,0.037121236,126.725,4398.041805505753,115661,0.0,5529041,244.41957172060393,180
0.0379396,0.7054522931575775,0.00993436,16.107595,0.0379396,122.175,4415.981883525848,115827,0.0,5549187,233.00137684147862,166
0.037558805,0.730015218257904,0.009936527,16.09934,0.037558805,115.275,4433.871773958206,115999,0.0,5569682,216.19024573755217,172
0.038137726,0.6397600769996643,0.009982394,16.095556,0.038137726,93.125,4451.858480215073,116173,0.0,5589966,174.70759626852185,174
0.03853257,0.7196086645126343,0.010011338,16.085346,0.03853257,111.175,4469.835454940796,116340,0.0,5610745,214.62135041694077,167
0.03887435,0.7607343345880508,0.010007368,16.06564,0.03887435,111.4,4487.81826543808,116512,0.0,5630938,216.86351806034207,172
0.038463403,0.7468528151512146,0.009925904,16.04639,0.038463403,104.65,4505.755835533142,116698,0.0,5651331,199.68001330456565,186
0.038048606,0.774892270565033,0.009981392,16.027523,0.038048606,118.475,4523.689691066742,116874,0.0,5671548,223.6836110370977,176
0.038462937,0.7021374702453613,0.009947458,16.015476,0.038462937,116.45,4541.540535211563,117046,0.0,5692271,221.4926309761616,172
0.037791673,0.6861274838447571,0.01005155,16.009846,0.037791673,104.875,4559.345465660095,117227,0.0,5712739,194.88769032549934,181
0.037954286,0.7076118886470795,0.009978917,16.013718,0.037954286,124.4,4577.176512002945,117386,0.0,5733365,235.5435633211354,159
0.03802078,0.6925181150436401,0.009982841,16.007927,0.03802078,125.925,4594.938287973404,117556,0.0,5754011,237.10130645129385,170
0.039030883,0.7194937169551849,0.009989976,15.984879,0.039030883,125.525,4612.8096334934235,117719,0.0,5773910,231.57888336959394,163
0.03726557,0.7293776571750641,0.009935025,15.961893,0.03726557,113.575,4630.757450580597,117883,0.0,5793987,211.8877044151156,164
0.037000168,0.6827273666858673,0.009887438,15.957533,0.037000168,148.725,4648.676866054535,118041,0.0,5814802,286.16260951357737,158
0.038111262,0.6988846659660339,0.009935106,15.942232,0.038111262,161.525,4666.508725404739,118183,0.0,5835044,308.818335867899,142
0.039557423,0.7398988604545593,0.009956388,15.919321,0.039557423,145.575,4684.355132818222,118334,0.0,5855408,271.39881510580415,151
0.03838281,0.6798607707023621,0.009978514,15.910898,0.03838281,141.8,4702.213709354401,118492,0.0,5875975,268.27713864628464,158
0.03922518,0.6866059601306915,0.009926254,15.9082775,0.03922518,108.45,4720.05517745018,118648,0.0,5896695,199.84407607406243,156
0.037525006,0.6547263264656067,0.009967315,15.89139,0.037525006,122.875,4737.98007941246,118827,0.0,5917358,232.3662758536645,179
0.038698565,0.7289473116397858,0.010012304,15.873667,0.038698565,119.45,4755.825507640839,118985,0.0,5938144,221.43481032185383,158
0.03769352,0.703954666852951,0.009933894,15.855501,0.03769352,116.35,4773.688107728958,119148,0.0,5958109,222.98834992989595,163
0.037800338,0.691273957490921,0.009893312,15.832598,0.037800338,131.975,4791.526844263077,119306,0.0,5978947,247.58181924644668,158
0.039162304,0.7070312201976776,0.009936938,15.828913,0.039162304,148.825,4809.497223138809,119456,0.0,5999659,277.17828320398536,150
0.038220216,0.707927942276001,0.010028603,15.80401,0.038220216,136.55,4827.360985040665,119609,0.0,6019929,251.97213163514115,153
0.038356293,0.6850644648075104,0.009938715,15.793608,0.038356293,108.325,4845.225727081299,119772,0.0,6040009,200.73407151164804,163
0.03869175,0.7476323246955872,0.009993754,15.779993,0.03869175,131.45,4863.0934154987335,119937,0.0,6061137,240.46836520967213,165
0.0380759,0.7151273488998413,0.009966781,15.764215,0.0380759,159.55,4880.908866405487,120083,0.0,6081761,297.7489522424076,146
0.037509724,0.7630127370357513,0.0099557815,15.758287,0.037509724,137.25,4898.864776849747,120217,0.0,6102180,253.1991001928347,134
0.037594125,0.7352606654167175,0.009894423,15.744265,0.037594125,144.85,4916.883476495743,120368,0.0,6123434,268.9658664844337,151
0.037365217,0.613819420337677,0.009901061,15.729395,0.037365217,132.55,4934.743858337402,120511,0.0,6144185,242.44549227970478,143
0.03853122,0.7198845446109772,0.010030424,15.7177105,0.03853122,133.525,4952.734208106995,120665,0.0,6164455,249.23969097232103,154
0.038244735,0.727691113948822,0.009920796,15.711531,0.038244735,127.6,4970.697827339172,120815,0.0,6184732,233.2806405276364,150
0.038540453,0.7235132157802582,0.009969672,15.702406,0.038540453,116.95,4988.5845329761505,120964,0.0,6204549,217.8309653424184,149
0.03816154,0.6667377948760986,0.009972141,15.692648,0.03816154,124.85,5006.4910843372345,121094,0.0,6224272,231.42613622732105,130
0.038065866,0.6756849586963654,0.009971615,15.678495,0.038065866,168.95,5024.420716524124,121220,0.0,6244749,313.7387968663658,126
0.038254444,0.6744934022426605,0.010036465,15.67539,0.038254444,174.65,5042.228781461716,121354,0.0,6264237,323.66508500950647,134
0.037233915,0.6680946946144104,0.009979023,15.667952,0.037233915,153.125,5060.343913555145,121491,0.0,6284737,283.0785037913582,137
0.039055414,0.6248760223388672,0.009918774,15.670214,0.039055414,166.825,5078.281373977661,121620,0.0,6304804,308.38587675477527,129
0.038373973,0.7356833517551422,0.009986659,15.672647,0.038373973,138.175,5096.2745015621185,121750,0.0,6325108,256.0379645390639,130
0.039297055,0.6566954553127289,0.010070948,15.657091,0.039297055,137.55,5114.276049375534,121889,0.0,6345265,250.45462868059946,139
0.038607866,0.6798111796379089,0.00993856,15.642647,0.038607866,132.675,5132.308159828186,122035,0.0,6366562,245.25875923876953,146
0.03863452,0.6919521689414978,0.010015495,15.627905,0.03863452,157.075,5150.10678935051,122173,0.0,6387152,288.14900237527934,138
0.03777144,0.6653870642185211,0.009935054,15.616457,0.03777144,161.0,5168.01163816452,122299,0.0,6407380,294.7806942624478,126
0.03867886,0.6825542747974396,0.009956752,15.613874,0.03867886,137.15,5186.016660928726,122440,0.0,6427335,247.88145674199814,141
0.038198233,0.6846379935741425,0.010020047,15.587723,0.038198233,173.275,5203.893725633621,122578,0.0,6447079,321.0426115439415,138
0.03817137,0.6597383618354797,0.009974222,15.564638,0.03817137,166.475,5221.850207090378,122726,0.0,6467604,305.81728634316255,148
0.037687548,0.6857125461101532,0.009980226,15.541374,0.037687548,179.75,5239.774642944336,122846,0.0,6488136,329.00262864983836,120
0.03764729,0.684526801109314,0.010018945,15.530655,0.03764729,151.275,5257.583171844482,122976,0.0,6508952,278.34023350977117,130
0.038182992,0.7190114259719849,0.009964941,15.5176525,0.038182992,144.75,5275.47976064682,123121,0.0,6529686,263.3943448019186,145
0.037540574,0.6542955636978149,0.009977849,15.507782,0.037540574,159.325,5293.324157953262,123249,0.0,6550275,290.97582543741163,128
0.037374526,0.7710165828466415,0.009929566,15.485506,0.037374526,166.275,5311.402087211609,123371,0.0,6570920,308.21121186470356,122
0.037409145,0.7322239279747009,0.0099036135,15.484924,0.037409145,155.475,5329.33246922493,123504,0.0,6591627,289.3956111213917,133
0.037099447,0.6989211142063141,0.009987277,15.48284,0.037099447,149.725,5347.277738809586,123637,0.0,6612389,276.79589945422003,133
0.03729986,0.6855849027633667,0.009985203,15.472395,0.03729986,160.125,5365.23913025856,123762,0.0,6631997,297.2191735042854,125
0.037571795,0.6859738826751709,0.009953612,15.463743,0.037571795,173.0,5383.248949289322,123889,0.0,6652463,317.66149341575465,127
0.037096612,0.7287733554840088,0.009960784,15.452087,0.037096612,173.15,5401.102073669434,124011,0.0,6672483,317.18431622355246,122
0.037718304,0.7179100215435028,0.009948432,15.447969,0.037718304,161.675,5419.015023231506,124139,0.0,6691848,300.6965128138446,128
0.038851373,0.6636788249015808,0.010042745,15.414408,0.038851373,124.65,5437.061273097992,124265,0.0,6712405,226.52126581710164,126
0.03760685,0.7297247350215912,0.009908134,15.397371,0.03760685,171.425,5455.0183801651,124378,0.0,6732683,314.4179959938373,113
0.037373126,0.6599551141262054,0.00998531,15.386429,0.037373126,190.475,5472.827335119247,124496,0.0,6752369,348.8607803984863,118
0.037909377,0.6650243997573853,0.009961392,15.378687,0.037909377,206.175,5490.795951604843,124603,0.0,6773604,377.61059189820514,107
0.038263544,0.6518588364124298,0.009952346,15.37047,0.038263544,163.275,5508.855559825897,124724,0.0,6794263,297.5062515682513,121
0.038017664,0.7369883358478546,0.009977119,15.34926,0.038017664,207.5,5526.70517039299,124840,0.0,6814015,378.34156113931914,116
0.038032018,0.7019173502922058,0.009985052,15.345034,0.038032018,179.575,5544.624880075455,124956,0.0,6834017,317.825422386699,116
0.037949853,0.7490211725234985,0.009992512,15.329771,0.037949853,160.075,5562.521469116211,125070,0.0,6854650,291.12883838273285,114
0.03841379,0.6485034823417664,0.009950856,15.314554,0.03841379,165.825,5580.686348199844,125194,0.0,6875187,296.79849364565234,124
0.038710635,0.7248722016811371,0.009948693,15.298628,0.038710635,155.6,5600.3651831150055,125316,0.0,6895704,284.4446581598242,122
0.038634222,0.7348430454730988,0.009969631,15.278204,0.038634222,140.95,5620.150776863098,125442,0.0,6915848,251.6948955327332,126
0.037954047,0.6333636045455933,0.0099461805,15.265923,0.037954047,152.95,5639.8520250320435,125566,0.0,6935812,273.57690445784544,124
0.037378315,0.6175247430801392,0.009962939,15.250677,0.037378315,167.875,5658.582981348038,125683,0.0,6956018,300.9339736035071,117
0.03787189,0.7075211107730865,0.010028479,15.241554,0.03787189,187.225,5676.993772268295,125801,0.0,6976893,339.6637365946,118
0.037361443,0.682035505771637,0.010005889,15.23744,0.037361443,172.675,5695.0623643398285,125924,0.0,6997198,305.93134341410905,123
0.03805759,0.7089625895023346,0.0099488,15.234068,0.03805759,164.6,5713.057989835739,126042,0.0,7017407,296.74579090944957,118
0.039111122,0.713145911693573,0.009944391,15.2276745,0.039111122,168.6,5731.458702325821,126152,0.0,7038350,304.14897533396504,110
0.03721483,0.6360068619251251,0.009977626,15.226778,0.03721483,175.55,5751.10826253891,126254,0.0,7058179,314.3359389514194,102
0.038382288,0.6842086017131805,0.00991596,15.219671,0.038382288,165.725,5770.950898170471,126374,0.0,7078836,298.4748798439993,120
0.038425565,0.7423147857189178,0.009990091,15.218325,0.038425565,162.025,5790.571349859238,126483,0.0,7100462,289.60373537671956,109
0.03757886,0.6966443657875061,0.009918208,15.194288,0.03757886,177.075,5810.246434688568,126596,0.0,7121775,312.05063153904206,113
0.03765352,0.687908947467804,0.009961733,15.183006,0.03765352,169.35,5829.901977777481,126694,0.0,7142011,296.4988134053773,98
0.037968565,0.7149433195590973,0.010017167,15.175463,0.037968565,183.925,5849.704905509949,126801,0.0,7163293,322.06331431011057,107
0.038134165,0.6493615210056305,0.010007609,15.153727,0.038134165,197.45,5868.840690374374,126908,0.0,7183793,352.589365146294,107
0.03694177,0.6687382161617279,0.01010306,15.147211,0.03694177,215.325,5888.475890159607,127029,0.0,7205598,381.0206829095131,121
0.037576593,0.6395589411258698,0.009959662,15.140327,0.037576593,189.125,5908.0676283836365,127149,0.0,7227072,332.5590959368682,120
0.03783096,0.7121150493621826,0.010037757,15.137312,0.03783096,166.775,5927.680794477463,127257,0.0,7246918,296.97925893156605,108
0.03889082,0.6695479452610016,0.009961471,15.144846,0.03889082,233.95,5947.2218708992,127356,0.0,7266518,416.0672774841875,99
0.037774753,0.7536908239126205,0.009947072,15.134245,0.037774753,215.35,5966.827973842621,127458,0.0,7286328,380.4711283932631,102
0.036721803,0.6723924577236176,0.009947553,15.126722,0.036721803,192.4,5986.468030452728,127562,0.0,7307342,344.6968763029503,104
0.03754863,0.6714538335800171,0.009980652,15.123701,0.03754863,195.9,6006.193170309067,127659,0.0,7327590,347.43005445407664,97
0.037511043,0.6393730342388153,0.009979317,15.109068,0.037511043,183.3,6025.56094455719,127766,0.0,7347591,323.23918490155995,107
0.037673138,0.6869854032993317,0.009968093,15.092848,0.037673138,202.975,6043.259788036346,127870,0.0,7368221,360.96933423263357,104
0.039043434,0.715371161699295,0.01007243,15.084211,0.039043434,203.7,6061.538995504379,127967,0.0,7388882,358.31249755304964,97
0.037453324,0.6895635724067688,0.009959854,15.07427,0.037453324,183.925,6079.334986448288,128070,0.0,7409469,316.6649714547958,103
0.038224645,0.6739275753498077,0.009979382,15.067602,0.038224645,168.425,6097.276569843292,128173,0.0,7429288,294.2837928828667,103
0.038266934,0.617518961429596,0.009948763,15.056488,0.038266934,175.575,6115.093305826187,128283,0.0,7449485,311.3768163210333,110
0.03695012,0.5887036919593811,0.009921844,15.053259,0.03695012,218.925,6132.975307941437,128377,0.0,7469064,384.321012331731,94
0.037825167,0.6704672873020172,0.009962122,15.043266,0.037825167,221.4,6150.789557933807,128469,0.0,7489085,389.2697237079477,92
0.03903201,0.7651055306196213,0.010038739,15.036135,0.03903201,193.625,6168.685900688171,128581,0.0,7509250,329.91887153905344,112
0.038125284,0.6753230392932892,0.0100178,15.026978,0.038125284,208.775,6186.531262874603,128670,0.0,7529613,368.23455060138156,89
0.036651023,0.6457870006561279,0.009936231,15.025606,0.036651023,224.8,6204.315353155136,128762,0.0,7549744,392.86170259273905,92
0.037714463,0.6772102415561676,0.009994566,15.01193,0.037714463,176.575,6222.147438526154,128871,0.0,7570800,304.15757526165646,109
0.036941297,0.7096388041973114,0.009960895,15.006739,0.036941297,190.2,6239.873700141907,128971,0.0,7591157,334.63518968676146,100
0.037899673,0.6714529395103455,0.009987065,14.994474,0.037899673,229.15,6257.636144161224,129066,0.0,7611576,398.0257182361805,95
0.037726276,0.6894712150096893,0.009979065,14.976824,0.037726276,247.925,6275.727648496628,129154,0.0,7632859,432.511406682238,88
0.03760623,0.7471308410167694,0.0099901315,14.950911,0.03760623,166.225,6293.794082403183,129242,0.0,7651728,287.063057202235,88
0.037657235,0.6820484101772308,0.009992694,14.928041,0.037657235,238.875,6311.633210659027,129324,0.0,7671287,416.1742339128874,82
0.037850816,0.7443711161613464,0.010027073,14.912737,0.037850816,231.925,6329.475960254669,129419,0.0,7691538,396.18915238179,95
0.03775396,0.6817493438720703,0.010002622,14.892601,0.03775396,154.175,6347.253204584122,129514,0.0,7712863,270.8081270639592,95
0.037973095,0.7020971775054932,0.0099323215,14.879206,0.037973095,235.95,6365.082396507263,129609,0.0,7733007,410.11988967879597,95
0.037657417,0.7702357172966003,0.009948624,14.869471,0.037657417,196.925,6383.021506547928,129712,0.0,7754343,335.75465577875946,103
0.037344243,0.537317156791687,0.009987535,14.869108,0.037344243,273.3,6400.843212366104,129794,0.0,7774814,465.9098035458683,82
0.037060462,0.7678197026252747,0.009997542,14.855873,0.037060462,203.175,6418.630825996399,129876,0.0,7793447,348.5032140107478,82
0.03864839,0.6314152777194977,0.010001056,14.848818,0.03864839,196.425,6436.448065042496,129968,0.0,7813961,330.07440255210554,92
0.038216103,0.7183062732219696,0.009936137,14.829927,0.038216103,206.05,6454.317260980606,130044,0.0,7833270,348.51080088010144,76
0.036963753,0.6789350509643555,0.010033777,14.811007,0.036963753,278.35,6472.143424987793,130119,0.0,7853987,473.6728662190188,75
0.03834033,0.7609025090932846,0.010007379,14.807329,0.03834033,288.2,6490.119906902313,130196,0.0,7874345,493.10368060996296,77
0.037344787,0.645961344242096,0.010083306,14.796677,0.037344787,230.45,6508.012147665024,130289,0.0,7895426,390.06439660351054,93
0.03843676,0.6432178914546967,0.009943424,14.803522,0.03843676,267.675,6525.907050609589,130363,0.0,7915611,457.1234523260073,74
0.038362972,0.6842473447322845,0.010056296,14.798033,0.038362972,233.825,6543.815970659256,130445,0.0,7935898,391.22042944723705,82
0.037872408,0.6495886147022247,0.009985028,14.782129,0.037872408,269.925,6561.646107673645,130519,0.0,7956722,452.4268927631918,74
0.03712245,0.6468307375907898,0.009980175,14.776979,0.03712245,226.85,6579.634032249451,130603,0.0,7979497,388.43966106714515,84
0.037585355,0.7243839502334595,0.009969972,14.758516,0.037585355,270.9,6597.401616573334,130683,0.0,7999588,463.1336508974462,80
0.03758058,0.791997492313385,0.009978282,14.73699,0.03758058,283.475,6615.277807712555,130755,0.0,8021809,484.3414063009459,72
0.038581472,0.6577958762645721,0.010033033,14.7339,0.038581472,194.35,6634.127234220505,130841,0.0,8040788,332.17116068577036,86
0.03691476,0.6575148403644562,0.01001056,14.715654,0.03691476,295.275,6653.611065149307,130912,0.0,8062127,495.02417766241035,71
0.036170978,0.7087880671024323,0.009929952,14.710215,0.036170978,268.5,6673.233724117279,130990,0.0,8082020,451.6960022247067,78
0.037914593,0.6988826990127563,0.009993354,14.7068615,0.037914593,228.25,6692.871340036392,131063,0.0,8101976,378.5441495724591,73
0.03742438,0.6906272172927856,0.0099697905,14.69779,0.03742438,254.925,6712.458400726318,131134,0.0,8121565,425.41582928854484,71
0.036889106,0.6830567121505737,0.01001379,14.68001,0.036889106,262.475,6732.131029844284,131207,0.0,8142431,445.4349345621164,73
0.0366786,0.7127875685691833,0.009950003,14.670204,0.0366786,219.5,6752.0143094062805,131298,0.0,8160672,371.6036916920078,91
0.037523486,0.6861297190189362,0.00989362,14.67156,0.037523486,228.725,6771.721982717514,131384,0.0,8182446,383.6519766163474,86
0.03805416,0.7560776472091675,0.010057967,14.651007,0.03805416,270.375,6790.933657169342,131468,0.0,8202144,453.09099261860865,84
0.03784874,0.7555492669343948,0.009930635,14.655672,0.03784874,259.575,6808.653837919235,131556,0.0,8223096,437.2379548763407,88
0.03711385,0.7155309617519379,0.009972611,14.640329,0.03711385,198.925,6826.378947734833,131649,0.0,8243560,332.34097690577374,93
0.037545606,0.7510284632444382,0.009971937,14.628355,0.037545606,251.525,6844.186624765396,131729,0.0,8263593,422.66983885990714,80
0.036477458,0.7175288498401642,0.010002101,14.616896,0.036477458,259.3,6861.993081569672,131805,0.0,8284141,436.0351182148456,76
0.03773545,0.7669932693243027,0.009928967,14.6068325,0.03773545,262.825,6879.897431135178,131883,0.0,8305820,435.3332354639318,78
0.03735298,0.6383074522018433,0.00990623,14.594706,0.03735298,286.725,6897.750053167343,131963,0.0,8326870,481.22227739110565,80
0.03575947,0.7376067042350769,0.010001352,14.580751,0.03575947,287.75,6915.552508592606,132050,0.0,8349311,477.42616739113674,87
0.03664516,0.717717319726944,0.009994494,14.5739975,0.03664516,192.875,6933.402437925339,132134,0.0,8372132,323.90598117861333,84
0.03718558,0.6286651790142059,0.010001865,14.570833,0.03718558,331.5,6951.212561845779,132208,0.0,8394023,557.242180256067,74
0.037188046,0.7167181372642517,0.010031477,14.559999,0.037188046,266.725,6969.184670209885,132282,0.0,8414325,445.09567001807073,74
0.037881292,0.732685774564743,0.009960091,14.544191,0.037881292,203.475,6986.868465185165,132364,0.0,8436002,337.9384277957094,82
0.03844891,0.7345883548259735,0.009983881,14.533058,0.03844891,276.7,7004.883642196655,132435,0.0,8457338,457.64281922044773,71
0.036267493,0.7271309196949005,0.00998885,14.525787,0.036267493,300.5,7022.825572490692,132511,0.0,8476937,501.3005401012118,76
0.038185168,0.670050710439682,0.0099167805,14.518942,0.038185168,309.225,7040.6572988033295,132587,0.0,8497982,515.5625832547664,76
0.036825646,0.7365249395370483,0.01003922,14.505568,0.036825646,324.9,7058.35489821434,132661,0.0,8519541,537.9476694322069,74
0.036641352,0.7362646162509918,0.009929481,14.4881,0.036641352,259.85,7076.251200914383,132729,0.0,8539290,428.0509148873654,68
0.03722299,0.6927808523178101,0.009989163,14.481997,0.03722299,273.7,7094.150118350983,132798,0.0,8561090,450.80488627250224,69
0.037085623,0.6495055258274078,0.009977264,14.475357,0.037085623,242.325,7112.021924495697,132869,0.0,8581018,397.6044839123284,71
0.036912054,0.5482859313488007,0.010013359,14.461317,0.036912054,335.9,7129.820124387741,132929,0.0,8602248,548.2141641888878,60
0.038092565,0.6224337816238403,0.009967666,14.456327,0.038092565,284.75,7147.649721622467,133002,0.0,8624471,467.34370077249315,73
0.036760308,0.6703518033027649,0.00999444,14.443871,0.036760308,336.625,7165.541372060776,133071,0.0,8646722,555.5835438668116,69
0.037794907,0.7494016289710999,0.0099968305,14.434858,0.037794907,318.175,7183.338466644287,133132,0.0,8667086,522.5857837503675,61
0.037122738,0.618424117565155,0.00991639,14.4245205,0.037122738,335.775,7201.149055242538,133187,0.0,8685935,554.6297660967473,55
0.037695482,0.6866909265518188,0.0100246295,14.420843,0.037695482,311.25,7219.143837451935,133256,0.0,8704939,514.9156405559545,69
0.03611751,0.7193685173988342,0.009995842,14.404701,0.03611751,332.725,7237.013140439987,133309,0.0,8722029,558.7545175614747,53
0.03792597,0.7370438277721405,0.009997655,14.395292,0.03792597,379.025,7254.7682383060455,133372,0.0,8743291,629.0182705228283,63
0.037021834,0.4106067419052124,0.010026349,14.378981,0.037021834,332.125,7272.607522249222,133423,0.0,8763736,547.5821458575896,51
0.03772827,0.6726434528827667,0.009979017,14.36672,0.03772827,313.45,7290.477506160736,133484,0.0,8784967,512.251326046252,61
0.035870917,0.6031697690486908,0.009952098,14.359148,0.035870917,317.925,7308.382962465286,133545,0.0,8804650,528.2736621672113,61
0.038278647,0.6947068870067596,0.010032745,14.338663,0.038278647,280.0,7326.226225137711,133609,0.0,8825203,464.4148912354158,64
0.03629432,0.6907747387886047,0.00996719,14.326166,0.03629432,459.8,7344.07874417305,133663,0.0,8847177,758.8453503136227,54
0.036441118,0.6847908198833466,0.010000649,14.300123,0.036441118,287.65,7361.9538061618805,133715,0.0,8864888,471.9741547873841,52
0.037133146,0.5826602280139923,0.009982785,14.2995205,0.037133146,361.25,7379.782021999359,133758,0.0,8881353,595.4303938856045,43
0.03861949,0.768169716000557,0.010029221,14.293444,0.03861949,451.525,7397.690235376358,133800,0.0,8901137,742.9552817779556,42
0.037744604,0.6353639364242554,0.010015525,14.293917,0.037744604,356.125,7415.667860031128,133855,0.0,8920874,586.4691450949308,55
0.03681957,0.7022845447063446,0.009983327,14.301294,0.03681957,426.8,7433.739008665085,133895,0.0,8937946,703.8506216389204,40
0.037521925,0.6431943774223328,0.010036877,14.302301,0.037521925,488.25,7451.781484365463,133939,0.0,8958711,793.538912017779,44
0.037388884,-2.1724932193756104,0.010006283,14.294924,0.037388884,454.625,7469.801051616669,133974,0.0,8974653,748.6033346660571,35
0.037599932,0.6596011519432068,0.009932177,14.287062,0.037599932,377.675,7487.666233778,134022,0.0,8993876,618.3344051950286,48
0.03578354,0.6400942802429199,0.010016378,14.269777,0.03578354,420.075,7505.693690776825,134067,0.0,9013562,691.4862862593293,45
0.037077267,0.6305322051048279,0.009981971,14.250122,0.037077267,368.4,7523.678676128387,134107,0.0,9028298,607.7549200143452,40
0.036649372,0.6247345805168152,0.009944239,14.240332,0.036649372,373.425,7541.6111035346985,134153,0.0,9045315,615.7997388944143,46
0.037498564,0.6166266798973083,0.009998016,14.222082,0.037498564,450.55,7559.609229326248,134194,0.0,9063508,742.669259433395,41
0.038028177,0.7094840705394745,0.010007399,14.221052,0.038028177,321.25,7577.575229406357,134253,0.0,9083600,523.8445143820197,59
0.03746444,0.6123067736625671,0.009985879,14.205206,0.03746444,447.5,7595.49969959259,134295,0.0,9102620,738.1659522109312,42
0.03599158,0.5816145837306976,0.0099542495,14.194033,0.03599158,426.875,7613.3921065330505,134342,0.0,9123978,703.7845641358927,47
0.037238054,0.7035422325134277,0.010023834,14.182459,0.037238054,655.1,7631.429973363876,134377,0.0,9147338,1074.955808556504,35
0.037456512,0.32656288146972656,0.009967672,14.167334,0.037456512,525.35,7649.4139721393585,134427,0.0,9169683,858.6979743426716,50
0.036155812,0.7156960070133209,0.009984798,14.167612,0.036155812,342.3,7667.408249139786,134475,0.0,9185663,561.2740666949038,48
0.036710016,0.7503463923931122,0.009969806,14.163511,0.036710016,373.125,7685.383494377136,134527,0.0,9202915,610.5003264436166,52
0.035977945,0.4725381135940552,0.010057725,14.155001,0.035977945,280.6,7703.459871768951,134585,0.0,9221346,464.0567706100177,58
0.03748426,0.6637397110462189,0.009984938,14.150145,0.03748426,333.325,7721.472001552582,134651,0.0,9243100,549.159024627457,66
0.03768338,0.577235996723175,0.009983261,14.150827,0.03768338,436.75,7740.858472108841,134696,0.0,9262944,722.412780463737,45
0.037231877,0.3828834295272827,0.010062139,14.154411,0.037231877,277.5,7760.6549243927,134754,0.0,9281895,456.74909888883184,58
0.036509987,0.743165910243988,0.010051674,14.154341,0.036509987,323.55,7780.501671791077,134813,0.0,9300269,529.5308066651089,59
0.03651455,0.684299498796463,0.010027823,14.145338,0.03651455,583.2,7798.765712976456,134855,0.0,9324205,965.6601369812806,42
0.036689255,0.6709486842155457,0.009992363,14.129187,0.036689255,405.175,7816.642750263214,134898,0.0,9341370,671.0636402566711,43
0.038140267,0.7624380141496658,0.009981414,14.118139,0.038140267,347.35,7834.672878742218,134944,0.0,9359573,575.7586368663453,46
0.03644996,0.6405976116657257,0.010018353,14.109549,0.03644996,341.825,7852.664026260376,135001,0.0,9379377,561.2750040798126,57
0.036606766,0.6339901983737946,0.010005511,14.100801,0.036606766,535.45,7870.415603399277,135039,0.0,9400123,887.368189607944,38
0.03696268,0.7269837260246277,0.010040465,14.093706,0.03696268,371.7,7888.332243442535,135098,0.0,9422919,612.8612615934037,59
0.036310505,0.7471016049385071,0.0099679995,14.084373,0.036310505,344.65,7906.325766324997,135150,0.0,9440482,569.4729513849798,52
0.038432218,0.7164218425750732,0.009955736,14.072954,0.038432218,435.925,7924.293346405029,135201,0.0,9462398,719.2446604241675,51
0.037142895,0.7736694812774658,0.01000698,14.068186,0.037142895,370.375,7942.317400932312,135256,0.0,9481333,611.0709052769619,55
0.03677722,0.722470611333847,0.0100850165,14.066927,0.03677722,469.025,7960.20925951004,135295,0.0,9499469,772.5716869219866,39
0.03892104,0.601378321647644,0.009940701,14.061079,0.03892104,452.825,7978.155976772308,135336,0.0,9519021,744.1803232054195,41
0.037595075,0.7204221487045288,0.010019964,14.057081,0.037595075,408.45,7996.037852048874,135374,0.0,9535114,678.0509266465453,38
0.035529085,0.7165804803371429,0.009980473,14.06259,0.035529085,390.35,8014.003949403763,135420,0.0,9554961,647.1265045504606,46
0.037079863,0.8452267795801163,0.009955846,14.058699,0.037079863,457.975,8032.109911441803,135468,0.0,9575893,756.1405891873243,48
0.03710884,0.702530711889267,0.009951551,14.047186,0.03710884,570.2,8050.107824087143,135511,0.0,9600151,944.6837421945027,43
0.036578983,0.6461595594882965,0.010104463,14.045923,0.036578983,367.0,8068.006690263748,135562,0.0,9623738,602.8693766723414,51
0.036554642,0.5902378261089325,0.009969799,14.038759,0.036554642,540.7,8085.8908841609955,135601,0.0,9644451,891.6889417533305,39
0.036495566,0.731163501739502,0.009949511,14.032045,0.036495566,382.425,8103.838083744049,135655,0.0,9664992,627.07357636407,54
0.038608782,0.45944470167160034,0.010098574,14.02986,0.038608782,536.35,8121.812409162521,135689,0.0,9683949,879.7863056231614,34
0.037360556,0.6702307462692261,0.010005063,14.024263,0.037360556,483.35,8139.873415470123,135733,0.0,9705172,793.7974051303601,44
0.036980994,0.6837773323059082,0.0100360755,14.018831,0.036980994,598.3,8157.883709907532,135770,0.0,9725891,979.5475572172267,37
0.036460005,0.7031847834587097,0.009938074,14.0127735,0.036460005,557.6,8175.953563690186,135812,0.0,9749651,917.4276385621858,42
0.035609536,0.639025866985321,0.009977338,14.005026,0.035609536,313.3,8193.99287033081,135872,0.0,9769644,507.2230852556746,60
0.036701433,0.5856565833091736,0.0100267455,14.009394,0.036701433,329.35,8212.019664049149,135922,0.0,9789039,536.1373447459424,50
0.03636291,0.6182795464992523,0.009961312,14.005028,0.03636291,521.45,8229.983392000198,135959,0.0,9809648,859.9784832183823,37
0.037404783,0.6746382713317871,0.010027484,14.008421,0.037404783,615.2,8247.971984148026,135997,0.0,9833637,1015.3890078613488,38
0.036790766,-2.155196189880371,0.009943606,13.995722,0.036790766,629.2,8265.864443063736,136024,0.0,9849644,1040.1702983693285,27
0.036500607,0.43086671829223633,0.009993602,13.992582,0.036500607,683.075,8283.766922235489,136052,0.0,9869342,1127.166137725302,28
0.035740204,0.6592562198638916,0.009954501,13.984385,0.035740204,417.15,8301.677221536636,136101,0.0,9892292,687.1440538249718,49
0.03666287,0.6913862824440002,0.009958462,13.970552,0.03666287,437.375,8319.78206896782,136143,0.0,9910052,719.581132453773,42
0.03645598,0.6323122978210449,0.01000677,13.962229,0.03645598,397.05,8337.716957569122,136193,0.0,9932120,651.6099162854067,50
0.03692485,0.5908151865005493,0.010043581,13.96517,0.03692485,438.1,8355.532763242722,136246,0.0,9955303,716.505860998541,53
0.03710711,0.3007385730743408,0.010032591,13.957895,0.03710711,401.025,8373.583847999573,136291,0.0,9974400,662.0353726797109,45
0.036413867,0.6547493934631348,0.010001867,13.964254,0.036413867,383.575,8391.69610285759,136343,0.0,9997226,626.0415822358079,52
0.038007453,0.7222165763378143,0.00997627,13.952913,0.038007453,541.825,8409.821220636368,136382,0.0,10018322,889.350645422565,39
